/*
 Navicat Premium Data Transfer

 Source Server         : anki
 Source Server Type    : SQLite
 Source Server Version : 3030001
 Source Schema         : main

 Target Server Type    : SQLite
 Target Server Version : 3030001
 File Encoding         : 65001

 Date: 07/08/2020 16:58:41
*/

PRAGMA foreign_keys = false;

-- ----------------------------
-- Table structure for cards
-- ----------------------------
DROP TABLE IF EXISTS "cards";
CREATE TABLE "cards" (
  "id" integer,
  "nid" integer NOT NULL,
  "did" integer NOT NULL,
  "ord" integer NOT NULL,
  "mod" integer NOT NULL,
  "usn" integer NOT NULL,
  "type" integer NOT NULL,
  "queue" integer NOT NULL,
  "due" integer NOT NULL,
  "ivl" integer NOT NULL,
  "factor" integer NOT NULL,
  "reps" integer NOT NULL,
  "lapses" integer NOT NULL,
  "left" integer NOT NULL,
  "odue" integer NOT NULL,
  "odid" integer NOT NULL,
  "flags" integer NOT NULL,
  "data" text NOT NULL,
  PRIMARY KEY ("id")
);

-- ----------------------------
-- Table structure for col
-- ----------------------------
DROP TABLE IF EXISTS "col";
CREATE TABLE "col" (
  "id" integer,
  "crt" integer NOT NULL,
  "mod" integer NOT NULL,
  "scm" integer NOT NULL,
  "ver" integer NOT NULL,
  "dty" integer NOT NULL,
  "usn" integer NOT NULL,
  "ls" integer NOT NULL,
  "conf" text NOT NULL,
  "models" text NOT NULL,
  "decks" text NOT NULL,
  "dconf" text NOT NULL,
  "tags" text NOT NULL,
  PRIMARY KEY ("id")
);

-- ----------------------------
-- Records of col
-- ----------------------------
INSERT INTO "col" VALUES (1, 1596744000, 0, 1596744000000, 15, 0, 0, 0, '', '', '', '', '');

-- ----------------------------
-- Table structure for config
-- ----------------------------
DROP TABLE IF EXISTS "config";
CREATE TABLE "config" (
  "key" text NOT NULL,
  "usn" integer NOT NULL,
  "mtime_secs" integer NOT NULL,
  "val" blob NOT NULL,
  PRIMARY KEY ("key")
)
WITHOUT ROWID;

-- ----------------------------
-- Records of config
-- ----------------------------
INSERT INTO "config" VALUES ('activeDecks', 0, 0, '[1]');
INSERT INTO "config" VALUES ('addToCur', 0, 0, 'true');
INSERT INTO "config" VALUES ('collapseTime', 0, 0, 1200);
INSERT INTO "config" VALUES ('curDeck', 0, 0, 1);
INSERT INTO "config" VALUES ('curModel', -1, 1596790688, 1596790688095);
INSERT INTO "config" VALUES ('dayLearnFirst', 0, 0, 'false');
INSERT INTO "config" VALUES ('dueCounts', 0, 0, 'true');
INSERT INTO "config" VALUES ('estTimes', 0, 0, 'true');
INSERT INTO "config" VALUES ('newSpread', 0, 0, 0);
INSERT INTO "config" VALUES ('nextPos', 0, 0, 1);
INSERT INTO "config" VALUES ('schedVer', 0, 0, 1);
INSERT INTO "config" VALUES ('sortBackwards', 0, 0, 'false');
INSERT INTO "config" VALUES ('sortType', 0, 0, '"noteFld"');
INSERT INTO "config" VALUES ('timeLim', 0, 0, 0);

-- ----------------------------
-- Table structure for deck_config
-- ----------------------------
DROP TABLE IF EXISTS "deck_config";
CREATE TABLE "deck_config" (
  "id" integer NOT NULL,
  "name" text NOT NULL COLLATE NOCASE,
  "mtime_secs" integer NOT NULL,
  "usn" integer NOT NULL,
  "config" blob NOT NULL,
  PRIMARY KEY ("id")
);

-- ----------------------------
-- Records of deck_config
-- ----------------------------
INSERT INTO "deck_config" VALUES (1, '默认', 0, 0, '0A080000803F00002041120400002041481450C8015D00002040656666A63F6D9A99993F7D0000803F8001949D02880101900101980104A80101B00108C0013C');

-- ----------------------------
-- Table structure for decks
-- ----------------------------
DROP TABLE IF EXISTS "decks";
CREATE TABLE "decks" (
  "id" integer NOT NULL,
  "name" text NOT NULL COLLATE NOCASE,
  "mtime_secs" integer NOT NULL,
  "usn" integer NOT NULL,
  "common" blob NOT NULL,
  "kind" blob NOT NULL,
  PRIMARY KEY ("id")
);

-- ----------------------------
-- Records of decks
-- ----------------------------
INSERT INTO "decks" VALUES (1, '默认', 0, 0, NULL, '0A020801');

-- ----------------------------
-- Table structure for fields
-- ----------------------------
DROP TABLE IF EXISTS "fields";
CREATE TABLE "fields" (
  "ntid" integer NOT NULL,
  "ord" integer NOT NULL,
  "name" text NOT NULL COLLATE NOCASE,
  "config" blob NOT NULL,
  PRIMARY KEY ("ntid", "ord")
)
WITHOUT ROWID;

-- ----------------------------
-- Records of fields
-- ----------------------------
INSERT INTO "fields" VALUES (1596790688095, 0, '正面', '1A05417269616C2014');
INSERT INTO "fields" VALUES (1596790688095, 1, '背面', '1A05417269616C2014');
INSERT INTO "fields" VALUES (1596790688096, 0, '正面', '1A05417269616C2014');
INSERT INTO "fields" VALUES (1596790688096, 1, '背面', '1A05417269616C2014');
INSERT INTO "fields" VALUES (1596790688097, 0, '正面', '1A05417269616C2014');
INSERT INTO "fields" VALUES (1596790688097, 1, '背面', '1A05417269616C2014');
INSERT INTO "fields" VALUES (1596790688097, 2, '反向添加', '1A05417269616C2014');
INSERT INTO "fields" VALUES (1596790688098, 0, '正面', '1A05417269616C2014');
INSERT INTO "fields" VALUES (1596790688098, 1, '背面', '1A05417269616C2014');
INSERT INTO "fields" VALUES (1596790688099, 0, '文字', '1A05417269616C2014');
INSERT INTO "fields" VALUES (1596790688099, 1, 'Back Extra', '1A05417269616C2014');

-- ----------------------------
-- Table structure for graves
-- ----------------------------
DROP TABLE IF EXISTS "graves";
CREATE TABLE "graves" (
  "usn" integer NOT NULL,
  "oid" integer NOT NULL,
  "type" integer NOT NULL
);

-- ----------------------------
-- Table structure for notes
-- ----------------------------
DROP TABLE IF EXISTS "notes";
CREATE TABLE "notes" (
  "id" integer,
  "guid" text NOT NULL,
  "mid" integer NOT NULL,
  "mod" integer NOT NULL,
  "usn" integer NOT NULL,
  "tags" text NOT NULL,
  "flds" text NOT NULL,
  "sfld" integer NOT NULL,
  "csum" integer NOT NULL,
  "flags" integer NOT NULL,
  "data" text NOT NULL,
  PRIMARY KEY ("id")
);

-- ----------------------------
-- Table structure for notetypes
-- ----------------------------
DROP TABLE IF EXISTS "notetypes";
CREATE TABLE "notetypes" (
  "id" integer NOT NULL,
  "name" text NOT NULL COLLATE NOCASE,
  "mtime_secs" integer NOT NULL,
  "usn" integer NOT NULL,
  "config" blob NOT NULL,
  PRIMARY KEY ("id")
);

-- ----------------------------
-- Records of notetypes
-- ----------------------------
INSERT INTO "notetypes" VALUES (1596790688095, '基础', 0, 0, '1A742E63617264207B0A2020666F6E742D66616D696C793A20617269616C3B0A2020666F6E742D73697A653A20323070783B0A2020746578742D616C69676E3A2063656E7465723B0A2020636F6C6F723A20626C61636B3B0A20206261636B67726F756E642D636F6C6F723A2077686974653B0A7D0A20012AB2015C646F63756D656E74636C6173735B313270745D7B61727469636C657D0A5C7370656369616C7B706170657273697A653D33696E2C35696E7D0A5C7573657061636B6167655B757466385D7B696E707574656E637D0A5C7573657061636B6167657B616D7373796D622C616D736D6174687D0A5C706167657374796C657B656D7074797D0A5C7365746C656E6774687B5C706172696E64656E747D7B30696E7D0A5C626567696E7B646F63756D656E747D0A320E5C656E647B646F63756D656E747D420510011A0100');
INSERT INTO "notetypes" VALUES (1596790688096, '基础的（和相反的卡片）', 0, 0, '1A742E63617264207B0A2020666F6E742D66616D696C793A20617269616C3B0A2020666F6E742D73697A653A20323070783B0A2020746578742D616C69676E3A2063656E7465723B0A2020636F6C6F723A20626C61636B3B0A20206261636B67726F756E642D636F6C6F723A2077686974653B0A7D0A20012AB2015C646F63756D656E74636C6173735B313270745D7B61727469636C657D0A5C7370656369616C7B706170657273697A653D33696E2C35696E7D0A5C7573657061636B6167655B757466385D7B696E707574656E637D0A5C7573657061636B6167657B616D7373796D622C616D736D6174687D0A5C706167657374796C657B656D7074797D0A5C7365746C656E6774687B5C706172696E64656E747D7B30696E7D0A5C626567696E7B646F63756D656E747D0A320E5C656E647B646F63756D656E747D420510011A01004207080110011A0101');
INSERT INTO "notetypes" VALUES (1596790688097, '基础（任意相反的卡片）', 0, 0, '1A742E63617264207B0A2020666F6E742D66616D696C793A20617269616C3B0A2020666F6E742D73697A653A20323070783B0A2020746578742D616C69676E3A2063656E7465723B0A2020636F6C6F723A20626C61636B3B0A20206261636B67726F756E642D636F6C6F723A2077686974653B0A7D0A20012AB2015C646F63756D656E74636C6173735B313270745D7B61727469636C657D0A5C7370656369616C7B706170657273697A653D33696E2C35696E7D0A5C7573657061636B6167655B757466385D7B696E707574656E637D0A5C7573657061636B6167657B616D7373796D622C616D736D6174687D0A5C706167657374796C657B656D7074797D0A5C7365746C656E6774687B5C706172696E64656E747D7B30696E7D0A5C626567696E7B646F63756D656E747D0A320E5C656E647B646F63756D656E747D420510011A01004208080110021A020102');
INSERT INTO "notetypes" VALUES (1596790688098, '基础 （输入答案）', 0, 0, '1A742E63617264207B0A2020666F6E742D66616D696C793A20617269616C3B0A2020666F6E742D73697A653A20323070783B0A2020746578742D616C69676E3A2063656E7465723B0A2020636F6C6F723A20626C61636B3B0A20206261636B67726F756E642D636F6C6F723A2077686974653B0A7D0A20012AB2015C646F63756D656E74636C6173735B313270745D7B61727469636C657D0A5C7370656369616C7B706170657273697A653D33696E2C35696E7D0A5C7573657061636B6167655B757466385D7B696E707574656E637D0A5C7573657061636B6167657B616D7373796D622C616D736D6174687D0A5C706167657374796C657B656D7074797D0A5C7365746C656E6774687B5C706172696E64656E747D7B30696E7D0A5C626567696E7B646F63756D656E747D0A320E5C656E647B646F63756D656E747D420610011A020001');
INSERT INTO "notetypes" VALUES (1596790688099, '填空题', 0, 0, '08011ACB012E63617264207B0A2020666F6E742D66616D696C793A20617269616C3B0A2020666F6E742D73697A653A20323070783B0A2020746578742D616C69676E3A2063656E7465723B0A2020636F6C6F723A20626C61636B3B0A20206261636B67726F756E642D636F6C6F723A2077686974653B0A7D0A0A2E636C6F7A65207B0A20666F6E742D7765696768743A20626F6C643B0A20636F6C6F723A20626C75653B0A7D0A2E6E696768744D6F6465202E636C6F7A65207B0A20636F6C6F723A206C69676874626C75653B0A7D0A20012AB2015C646F63756D656E74636C6173735B313270745D7B61727469636C657D0A5C7370656369616C7B706170657273697A653D33696E2C35696E7D0A5C7573657061636B6167655B757466385D7B696E707574656E637D0A5C7573657061636B6167657B616D7373796D622C616D736D6174687D0A5C706167657374796C657B656D7074797D0A5C7365746C656E6774687B5C706172696E64656E747D7B30696E7D0A5C626567696E7B646F63756D656E747D0A320E5C656E647B646F63756D656E747D420510011A0100');

-- ----------------------------
-- Table structure for revlog
-- ----------------------------
DROP TABLE IF EXISTS "revlog";
CREATE TABLE "revlog" (
  "id" integer,
  "cid" integer NOT NULL,
  "usn" integer NOT NULL,
  "ease" integer NOT NULL,
  "ivl" integer NOT NULL,
  "lastIvl" integer NOT NULL,
  "factor" integer NOT NULL,
  "time" integer NOT NULL,
  "type" integer NOT NULL,
  PRIMARY KEY ("id")
);

PRAGMA foreign_keys = true;
